{
  "train_losses": [
    0.6928445833594832,
    0.6665086201200746,
    0.6484203538666032,
    0.6322374788865651,
    0.6207789719513018,
    0.5936821325592798,
    0.5981674637288263,
    0.5652235158502239,
    0.5619681337720728,
    0.5679317166748112,
    0.5386067665603063,
    0.5078684273239684,
    0.49189226058860347,
    0.4924111142754555,
    0.49478393476711563,
    0.48632601424031063,
    0.45838882937415004,
    0.47105787173934177,
    0.45451502057991616,
    0.4612543231820407,
    0.4436428102932564,
    0.4499838213398032,
    0.41939395885557346,
    0.4046112334432259,
    0.39210135448877126,
    0.36815395645082816,
    0.3827910075755152,
    0.3705308847129345,
    0.3538280613975574,
    0.36202061931564383,
    0.3510083916711889,
    0.329237869953456,
    0.3431731351740556,
    0.3340072746911686,
    0.32945527261352703,
    0.31044213981559016,
    0.3133361296192424,
    0.28945948193742804,
    0.30324066116487325,
    0.31158200537862435,
    0.2919075525276465,
    0.3060489005524002,
    0.29841548576951027,
    0.3022270986223466,
    0.29879433666802435,
    0.2897980565792077,
    0.28187710911749975,
    0.27542259510963746,
    0.2724897236856696,
    0.29129431417135343
  ],
  "val_losses": [
    0.6566328059653846,
    0.6104440178189959,
    0.5896818753407926,
    0.6627230324915477,
    0.5057358723513934,
    0.6459703573158809,
    0.6997682379216564,
    0.5874342687275945,
    0.5547129022223609,
    0.5912598201206752,
    0.584411089213527,
    0.6393523708898194,
    0.504379044686045,
    0.5234320975688039,
    0.5598188194693351,
    0.4825984528478311,
    0.5141782420022147,
    0.5657113459037275,
    0.5873153833102207,
    0.5271872589174582,
    0.519593249930411,
    0.552813890485131,
    0.5228006781972184,
    0.5455257427327487,
    0.5760179682045566,
    0.5294080942260976,
    0.5483462147566737,
    0.5160722165387504,
    0.5058283903160874,
    0.5238892477081747,
    0.525094311912449,
    0.5740319864482296,
    0.5369694804658696,
    0.5510792374915007,
    0.5718255109932958,
    0.5457323348643829,
    0.5298843489465664,
    0.5566981870452968,
    0.6133768671021169,
    0.5770835655228216,
    0.510843392613591,
    0.5170088186860085,
    0.5778301526241156,
    0.5656806013869996,
    0.5714909755149666,
    0.5801324830675612,
    0.5548756311134416,
    0.5655032756681345,
    0.5834953689149448,
    0.5518837446460918
  ],
  "train_accuracies": [
    0.565068493150685,
    0.6070205479452054,
    0.6198630136986302,
    0.6566780821917808,
    0.6532534246575342,
    0.6875,
    0.6832191780821918,
    0.708904109589041,
    0.7123287671232876,
    0.6977739726027398,
    0.7251712328767124,
    0.7448630136986302,
    0.7551369863013698,
    0.7559931506849316,
    0.7534246575342466,
    0.761986301369863,
    0.7731164383561644,
    0.7722602739726028,
    0.7851027397260274,
    0.7791095890410958,
    0.7833904109589042,
    0.7953767123287672,
    0.7919520547945206,
    0.8142123287671232,
    0.8193493150684932,
    0.8253424657534246,
    0.827054794520548,
    0.839041095890411,
    0.8296232876712328,
    0.8304794520547946,
    0.8356164383561644,
    0.8578767123287672,
    0.8467465753424658,
    0.8467465753424658,
    0.8501712328767124,
    0.8681506849315068,
    0.8578767123287672,
    0.8809931506849316,
    0.8613013698630136,
    0.8587328767123288,
    0.8681506849315068,
    0.8672945205479452,
    0.8698630136986302,
    0.877568493150685,
    0.860445205479452,
    0.8672945205479452,
    0.8698630136986302,
    0.877568493150685,
    0.8878424657534246,
    0.8801369863013698
  ],
  "val_accuracies": [
    0.6230769230769231,
    0.6743589743589744,
    0.6717948717948717,
    0.5820512820512821,
    0.7769230769230769,
    0.617948717948718,
    0.5948717948717949,
    0.6846153846153846,
    0.7282051282051282,
    0.6461538461538462,
    0.7051282051282052,
    0.6615384615384615,
    0.7461538461538462,
    0.7410256410256411,
    0.7282051282051282,
    0.7871794871794872,
    0.7461538461538462,
    0.7333333333333333,
    0.7128205128205128,
    0.7384615384615385,
    0.7589743589743589,
    0.7333333333333333,
    0.764102564102564,
    0.7564102564102564,
    0.7538461538461538,
    0.7769230769230769,
    0.7564102564102564,
    0.7769230769230769,
    0.7923076923076923,
    0.7846153846153846,
    0.7717948717948718,
    0.7564102564102564,
    0.7794871794871795,
    0.764102564102564,
    0.7666666666666667,
    0.7769230769230769,
    0.7846153846153846,
    0.7692307692307693,
    0.7487179487179487,
    0.7794871794871795,
    0.8076923076923077,
    0.8076923076923077,
    0.782051282051282,
    0.7794871794871795,
    0.7794871794871795,
    0.7769230769230769,
    0.7948717948717948,
    0.7897435897435897,
    0.7846153846153846,
    0.7923076923076923
  ],
  "learning_rates": [
    0.0001,
    0.0001,
    0.0001,
    0.0001,
    0.0001,
    0.0001,
    0.0001,
    0.0001,
    0.0001,
    0.0001,
    5e-05,
    5e-05,
    5e-05,
    5e-05,
    5e-05,
    5e-05,
    5e-05,
    5e-05,
    5e-05,
    5e-05,
    5e-05,
    2.5e-05,
    2.5e-05,
    2.5e-05,
    2.5e-05,
    2.5e-05,
    2.5e-05,
    1.25e-05,
    1.25e-05,
    1.25e-05,
    1.25e-05,
    1.25e-05,
    1.25e-05,
    1.25e-05,
    6.25e-06,
    6.25e-06,
    6.25e-06,
    6.25e-06,
    6.25e-06,
    6.25e-06,
    6.25e-06,
    6.25e-06,
    6.25e-06,
    6.25e-06,
    6.25e-06,
    6.25e-06,
    3.125e-06,
    3.125e-06,
    3.125e-06,
    3.125e-06
  ],
  "best_val_acc": 0.8076923076923077,
  "best_epoch": 40,
  "total_epochs": 50
}